INSERT INTO initial_user (UserID, Name, Email, PhoneNo, Address, AppliedUniversity, I20, Passport,EducationDocs,GRE,IELTS,VisaDoc) VALUES
(100, 'Declan Pollard', 'consequat@hotmail.com', '(223) 289-4739', '1038 Tempus Avenue', 'Georgia Tech', 'EA744I', 'KJ60738',"Pharma",323,  6.5, "AP54837"),
(110, 'Rana Wilkerson', 'leo.in.lobortis@google.net', '(310) 937-8915', 'Ap #334-823 Rutrum, Ave', 'CMU', 'NI667H', 'CQ18748',"Pharma", 276,7.5, "VO57776"),
(120,"Melissa Ramsey","lectus.justo@outlook.net","(864) 169-4313","P.O. Box 364, 8499 Lorem, Avenue","UT Dallas","MM455Y","IL33716","Business", 292,7.5,"VW28372"),
(130,"Katell Robinson","ac.risus@google.com","(461) 471-4204","355-5153 Ut Avenue","Yale","QL188L","FX67513", "Business",325,6.0,"WK07138"),
(140,"Caleb Smith", "consequat.dolor@yahoo.ca", "(101) 858-2982", "Ap #585-8527 Lectus. Av.", "Virginia Tech", "JP774L", "UL66129", "Engineering", 304, 7.0,  "RD23716"),
(150, "Guy Fletcher", "in@outlook.net", "1-277-562-4787", "Ap #792-3984 Vel, St.", "UT Austin", "YU818L", "FR56564", "Engineering",322,8.5,"MW50042"),
(160,"Marsden Guerra", "sapien.cursus@hotmail.edu", "1-925-777-3438", "P.O. Box 591, 7888 Eu Street", "Northeastern University", "CW517N", "GA89503", "Engineering",324,6.5, "LU14218"),
(170, "Shea Gilliam", "lacus.ut@yahoo.com", "1-933-411-4586",  "935-7895 Sed Road", "Princeton", "KP126R", "PX87879", "Engineering", 317,9.0,"MN82857"),
(180,"Tiger Valdez", "ante.dictum.mi@outlook.couk", "1-319-397-7122", "Ap #532-2776 Fusce Rd.","CMU","ML334E","OY75052", "Pharma",308, 8.5, "LU64824"),
(190,"Stuart Forbes","mauris.aliquam@hotmail.org","1-483-341-1446","P.O. Box 374, 7583 At, Street","Georgia Tech","UQ378R","LS05665", "Business", 305, 9.0, "IT63090"),
(200, "Angelica Gallegos", "eget.magna.suspendisse@hotmail.net", "(524) 232-5117", "8982 Nec Avenue", "UT Austin", "EV845I", "MQ24401", "Business", 318, 6.0, "OV62588"),
(210, "Sara Mcclure", "phasellus.ornare@yahoo.ca", "1-462-446-8784", "P.O. Box 568, 6307 Dolor Ave", "Northwestern University", "KU581A", "SV50869", "Engineering", 303,  7.5,  "JG65614"),
(220,"Aspen Chan", "curabitur.sed@icloud.net", "(542) 126-8343", "Ap #221-1673 Eleifend Rd.", "George Mason University", "LV665G", "JO08685", "Business",  322, 7.5,  "NC14176"),
(230,"Solomon Juarez", "eu@outlook.couk", "(401) 241-3463", "8928 Proin Avenue", "UT Dallas", "LW000P", "HF11708", "Engineering", 284, 9.0, "QA60329"),
(240,"Maisie Browning", "eros.nam.consequat@protonmail.couk", "1-472-387-1641",  "P.O. Box 328, 831 Placerat, St.", "Princeton", "XY677Y", "GS69273", "Business", 317, 7.0, "HQ58626"),
(250,"Michelle Velez", "massa@yahoo.ca",  "(378) 731-5546", "570-4390 Sociis Rd.", "UT Austin", "ID911N", "RN16232", "Engineering", 284,  6.5, "ZU48008"),
(260, "Joy Cardenas", "aenean.eget.magna@protonmail.org", "(737) 986-6674", "Ap #224-2618 Pede, Av.", "UT Dallas","OQ199B", "GG67507", "Medicine", 313,  7.0, "YG76245"),
(270, "Suki Case", "eu.accumsan@hotmail.net", "(965) 626-1512", "930-8545 Vel, Avenue","NJIT", "HN030V","VW92968", "Engineering", 300, 6.5, "XN34809"),
(280,"Sophia Lott", "faucibus.morbi@outlook.edu", "(362) 671-4877", "Ap #843-423 Accumsan Rd.", "Harvard", "KS227W", "YE31838", "Business", 295, 8.0, "DW56406"),
(290,"Hadassah Lawrence", "diam.eu.dolor@outlook.ca", "(374) 860-2065", "Ap #330-3223 At, St.", "Princeton", "PE175Q", "UZ59823",  "Engineering", 286, 7.0, "XY67000");
 
INSERT INTO intermediate_user (UserID, Name, Email, PhoneNo, Address, AppliedUniversity, I20, Passport,VisaStamping,PlaceOfDeparture,DateOfArrival,AccomodationType) VALUES
(300, "Cailin May", "ac@icloud.net", "(138) 760-5254", "P.O. Box 337, 9458 Euismod Street", "Northeastern University", "WD924R", "YF64857", "SB876IO",  "Abu Dhabi", "Apr 13, 2024", "Temporary"),
(310,"Kiayada Joyner", "sagittis.felis.donec@google.net", "1-846-716-8212", "Ap #681-8357 Posuere, Avenue", "Harvard", "CS159N", "ST04174", "QV077ZL", "Bangalore",  "Sep 22, 2024", "Permanent"),
(320,"Branden Mack", "aliquam@outlook.net", "(239) 778-8920", "482-8686 Massa Road", "NJIT", "UB450N", "FC51126", "KE837AV", "Delhi", "Mar 28, 2024", "Permanent"),
(330,"Natalie Conley", "vitae.dolor@yahoo.com", "(258) 193-7953", "Ap #845-2297 In Road", "Georgia Tech", "VW011E", "YT14632", "ZC197QL", "Dubai", "Mar 2, 2024", "Permanent"),
(340,"Allegra Francis", "lacus.vestibulum@yahoo.ca", "(277) 878-8655", "Ap #936-5880 Ac, Road", "Georgia Tech", "WW896C", "ZC77518", "CE315MH", "Abu Dhabi", "May 13, 2024", "Temporary"),
(350, "Yetta Day", "varius@hotmail.org", "1-638-362-8531", "P.O. Box 740, 1130 Habitant St.", "UT Austin", "SH998S", "SZ85356", "JV755BK",  "Hyderabad", "Apr 30, 2024", "Temporary"),
(360, "Daria Acevedo", "mauris.blandit@icloud.edu", "1-314-552-1621", "8517 Urna. Avenue", "Virginia Tech", "KB697I", "OG24653", "UV518YK", "Hyderabad", "Mar 14, 2024", "Permanent"),
(370, "Xander Simon", "nullam@outlook.net", "(876) 463-6767", "P.O. Box 411, 3210 Dui. St.", "Northwestern University", "CM638M", "IT57329", "RD780GE", "Hyderabad", "May 8, 2024", "Temporary"),
(380, "Sheila Tyler", "mi.eleifend@google.edu", "(714) 141-2389", "P.O. Box 566, 9188 Nunc Avenue", "NJIT", "DW666I", "WD84754","IP403YQ", "Hyderabad", "Jan 1, 2024", "Temporary"),
(390, "Serena Salinas", "nibh@protonmail.ca", "(386) 917-3879", "P.O. Box 148, 5926 Proin St.", "Purdue", "RH651N", "XX42866", "HI353LW", "Delhi", "Nov 30, 2023", "Temporary"),
(400, "Heather Doyle", "elit.fermentum.risus@hotmail.edu", "(733) 673-0452", "8671 Vehicula Ave", "Purdue", "QV143Q",  "DD71756", "GY043CQ", "Bangalore", "Aug 16, 2023", "Temporary"),
(410, "Steel Turner", "consectetuer.cursus@outlook.couk", "1-826-572-3265", "P.O. Box 233, 9171 Neque Rd.", "Yale", "JU538I", "DZ81212", "EF035FB", "Dubai", "Aug 2, 2023", "Permanent"),
(420, "Buffy Clayton", "eget@aol.com", "(606) 256-0114", "152-5432 Sem Rd.", "Virginia Tech", "HW514L", "VQ33616", "OC616BV", "Hyderabad", "Jun 4, 2024", "Permanent"),
(430, "Ezra Carson", "rutrum.urna@hotmail.com", "1-143-396-2557", "P.O. Box 416, 1157 Non St.", "CMU", "EH665X", "GR55851", "XJ522GD", "Delhi", "Sep 13, 2023", "Temporary"),
(440, "Wynter Alexander", "magna.malesuada@google.edu", "1-665-243-7342", "836-8448 Lorem. Street", "Harvard", "IP878M", "DX32559", "KK330TH", "Hyderabad", "Nov 1, 2023", "Permanent"),
(450,"Jelani Hobbs", "sagittis.lobortis@protonmail.ca", "1-953-591-1657", "P.O. Box 462, 6072 Mi Av.", "Yale", "XR212V", "CY08607", "AO637JF","Quatar", "Aug 30, 2024", "Permanent"),
(460, "Jocelyn Bowers", "vulputate.velit@aol.edu", "1-187-530-2515", "1050 Eleifend Road",  "George Mason University", "HP835S", "MF27333", "BY793KF", "Abu Dhabi", "Nov 6, 2023", "Temporary"),
(470, "Aladdin Carlson", "eget.magna@protonmail.org", "1-500-254-5719", "Ap #349-7387 In Av.", "Georgia Tech", "OF212P", "CC89598", "MU697RN", "Quatar", "Jan 18, 2024", "Permanent"),
(480, "Keegan Patterson", "donec.feugiat.metus@aol.org", "1-498-897-8356", "Ap #913-2920 Donec St.", "Yale", "AE471R", "DM72621", "HN560DG", "Dubai", "Mar 30, 2024", "Permanent"),
(490,"Desirae Lewis", "rutrum.non.hendrerit@icloud.com", "(618) 533-5747", "P.O. Box 157, 7014 Nunc Rd.", "Northwestern University", "DD332J", "YL85504", "XJ148EL", "Dubai", "Apr 12, 2024", "Permanent");

INSERT INTO user(UserID, Name, Email, PhoneNo, Address, AppliedUniversity, I20, Passport) VALUES
(100, 'Declan Pollard', 'consequat@hotmail.com', '(223) 289-4739', '1038 Tempus Avenue', 'Georgia Tech', 'EA744I', 'KJ60738'),
(110, 'Rana Wilkerson', 'leo.in.lobortis@google.net', '(310) 937-8915', 'Ap #334-823 Rutrum, Ave', 'CMU', 'NI667H', 'CQ18748'),
(120,"Melissa Ramsey","lectus.justo@outlook.net","(864) 169-4313","P.O. Box 364, 8499 Lorem, Avenue","UT Dallas","MM455Y","IL33716"),
(130,"Katell Robinson","ac.risus@google.com","(461) 471-4204","355-5153 Ut Avenue","Yale","QL188L","FX67513"),
(140,"Caleb Smith", "consequat.dolor@yahoo.ca", "(101) 858-2982", "Ap #585-8527 Lectus. Av.", "Virginia Tech", "JP774L", "UL66129"),
(150, "Guy Fletcher", "in@outlook.net", "1-277-562-4787", "Ap #792-3984 Vel, St.", "UT Austin", "YU818L", "FR56564"),
(160,"Marsden Guerra", "sapien.cursus@hotmail.edu", "1-925-777-3438", "P.O. Box 591, 7888 Eu Street", "Northeastern University", "CW517N", "GA89503"),
(170, "Shea Gilliam", "lacus.ut@yahoo.com", "1-933-411-4586",  "935-7895 Sed Road", "Princeton", "KP126R", "PX87879"),
(180,"Tiger Valdez", "ante.dictum.mi@outlook.couk", "1-319-397-7122", "Ap #532-2776 Fusce Rd.","CMU","ML334E","OY75052"),
(190,"Stuart Forbes","mauris.aliquam@hotmail.org","1-483-341-1446","P.O. Box 374, 7583 At, Street","Georgia Tech","UQ378R","LS05665"),
(200, "Angelica Gallegos", "eget.magna.suspendisse@hotmail.net", "(524) 232-5117", "8982 Nec Avenue", "UT Austin", "EV845I", "MQ24401"),
(210, "Sara Mcclure", "phasellus.ornare@yahoo.ca", "1-462-446-8784", "P.O. Box 568, 6307 Dolor Ave", "Northwestern University", "KU581A", "SV50869"),
(220,"Aspen Chan", "curabitur.sed@icloud.net", "(542) 126-8343", "Ap #221-1673 Eleifend Rd.", "George Mason University", "LV665G", "JO08685"),
(230,"Solomon Juarez", "eu@outlook.couk", "(401) 241-3463", "8928 Proin Avenue", "UT Dallas", "LW000P", "HF11708"),
(240,"Maisie Browning", "eros.nam.consequat@protonmail.couk", "1-472-387-1641",  "P.O. Box 328, 831 Placerat, St.", "Princeton", "XY677Y", "GS69273"),
(250,"Michelle Velez", "massa@yahoo.ca",  "(378) 731-5546", "570-4390 Sociis Rd.", "UT Austin", "ID911N", "RN16232"),
(260, "Joy Cardenas", "aenean.eget.magna@protonmail.org", "(737) 986-6674", "Ap #224-2618 Pede, Av.", "UT Dallas", "OQ199B", "GG67507"),
(270, "Suki Case", "eu.accumsan@hotmail.net", "(965) 626-1512", "930-8545 Vel, Avenue","NJIT", "HN030V","VW92968"),
(280,"Sophia Lott", "faucibus.morbi@outlook.edu", "(362) 671-4877", "Ap #843-423 Accumsan Rd.", "Harvard", "KS227W", "YE31838"),
(290,"Hadassah Lawrence", "diam.eu.dolor@outlook.ca", "(374) 860-2065", "Ap #330-3223 At, St.", "Princeton", "PE175Q", "UZ59823"),
(300, "Cailin May", "ac@icloud.net", "(138) 760-5254", "P.O. Box 337, 9458 Euismod Street", "Northeastern University", "WD924R", "YF64857"),
(310,"Kiayada Joyner", "sagittis.felis.donec@google.net", "1-846-716-8212", "Ap #681-8357 Posuere, Avenue", "Harvard", "CS159N", "ST04174"),
(320,"Branden Mack", "aliquam@outlook.net", "(239) 778-8920", "482-8686 Massa Road", "NJIT", "UB450N", "FC51126"),
(330,"Natalie Conley", "vitae.dolor@yahoo.com", "(258) 193-7953", "Ap #845-2297 In Road", "Georgia Tech", "VW011E", "YT14632"),
(340,"Allegra Francis", "lacus.vestibulum@yahoo.ca", "(277) 878-8655", "Ap #936-5880 Ac, Road", "Georgia Tech", "WW896C", "ZC77518"),
(350, "Yetta Day", "varius@hotmail.org", "1-638-362-8531", "P.O. Box 740, 1130 Habitant St.", "UT Austin", "SH998S", "SZ85356"),
(360, "Daria Acevedo", "mauris.blandit@icloud.edu", "1-314-552-1621", "8517 Urna. Avenue", "Virginia Tech", "KB697I", "OG24653"),
(370, "Xander Simon", "nullam@outlook.net", "(876) 463-6767", "P.O. Box 411, 3210 Dui. St.", "Northwestern University", "CM638M", "IT57329"),
(380, "Sheila Tyler", "mi.eleifend@google.edu", "(714) 141-2389", "P.O. Box 566, 9188 Nunc Avenue", "NJIT", "DW666I", "WD84754"),
(390, "Serena Salinas", "nibh@protonmail.ca", "(386) 917-3879", "P.O. Box 148, 5926 Proin St.", "Purdue", "RH651N", "XX42866"),
(400, "Heather Doyle", "elit.fermentum.risus@hotmail.edu", "(733) 673-0452", "8671 Vehicula Ave", "Purdue", "QV143Q",  "DD71756"),
(410, "Steel Turner", "consectetuer.cursus@outlook.couk", "1-826-572-3265", "P.O. Box 233, 9171 Neque Rd.", "Yale", "JU538I", "DZ81212"),
(420, "Buffy Clayton", "eget@aol.com", "(606) 256-0114", "152-5432 Sem Rd.", "Virginia Tech", "HW514L", "VQ33616"),
(430, "Ezra Carson", "rutrum.urna@hotmail.com", "1-143-396-2557", "P.O. Box 416, 1157 Non St.", "CMU", "EH665X", "GR55851"),
(440, "Wynter Alexander", "magna.malesuada@google.edu", "1-665-243-7342", "836-8448 Lorem. Street", "Harvard", "IP878M", "DX32559"),
(450,"Jelani Hobbs", "sagittis.lobortis@protonmail.ca", "1-953-591-1657", "P.O. Box 462, 6072 Mi Av.", "Yale", "XR212V", "CY08607"),
(460, "Jocelyn Bowers", "vulputate.velit@aol.edu", "1-187-530-2515", "1050 Eleifend Road",  "George Mason University", "HP835S", "MF27333"),
(470, "Aladdin Carlson", "eget.magna@protonmail.org", "1-500-254-5719", "Ap #349-7387 In Av.", "Georgia Tech", "OF212P", "CC89598"),
(480, "Keegan Patterson", "donec.feugiat.metus@aol.org", "1-498-897-8356", "Ap #913-2920 Donec St.", "Yale", "AE471R", "DM72621"),
(490,"Desirae Lewis", "rutrum.non.hendrerit@icloud.com", "(618) 533-5747", "P.O. Box 157, 7014 Nunc Rd.", "Northwestern University", "DD332J", "YL85504"),
(500, "Harlan Ayala", "molestie.orci@outlook.net",  "(531) 217-9245", "Ap #122-4244 Ante. St.", "Georgia Tech", "VT391O", "BI56712"),
(510, "Genevieve Green", "augue.ut@outlook.org", "(636) 434-8386", "8327 Elit. Ave", "CMU", "GV183Y",  "WM48323"),
(520, "Jackson Velez", "elit@hotmail.org", "1-131-301-5549", "Ap #531-8022 Facilisis, Rd.", "CMU", "MH421S", "QB96107"),
(530, "Leo Pollard", "posuere.vulputate@hotmail.net", "(274) 994-7850", "Ap #811-1988 Nam Avenue", "Georgia Tech", "BL435I", "MV82022"),
(540, "Carl Hood", "id.erat@icloud.couk", "(468) 251-3344", "8898 Tristique Avenue", "Purdue", "OK973R", "DE77164"),
(550, "Merrill Holden", "imperdiet.dictum@icloud.ca", "(778) 527-7245", "P.O. Box 611, 286 Ac Rd.", "Northwestern University", "XL867W", "DF16944"),
(560, "Xavier Blackburn", "cursus.purus@hotmail.org", "(832) 716-1310", "5413 Posuere Av.", "Yale", "VP875Z", "BL37317"),
(570, "Inez Mcgee", "nec.tempus@icloud.edu", "1-951-436-2738", "726-3133 Nec St.",  "Purdue", "SV784J", "GC48332"),
(580, "Elmo Swanson", "ac@outlook.couk", "(432) 253-8315", "Ap #133-4951 Lacus. St.", "CMU", "UU467I", "PM76208"),
(590, "Phyllis Harmon", "fermentum.metus@protonmail.net", "(701) 323-6364", "416-6801 Scelerisque Street", "CMU", "LR970G", "DR76347"),
(600, "Burton Abbott", "malesuada.augue.ut@yahoo.org", "1-185-215-9484", "1204 Cras Ave", "George Mason University", "OK474E", "RA01164"),
(610,"Julie Erickson","per.inceptos@yahoo.edu","(988) 810-4144","7535 Nec, Road","UT Austin","HD643Z","XD36012"),
(620,"Mark Boone","sed.congue.elit@outlook.ca","1-468-622-5624","Ap #210-4735 Congue, St.","CMU","HD156S","UN48452"),
(630,"Mark Daugherty","mauris.quis.turpis@google.ca","(947) 238-9224","Ap #786-2114 Mi St.","CMU","VY117Y","RI10538"),
(640,"Madonna Benjamin","curae.phasellus.ornare@yahoo.com","(242) 447-6265","121-2936 At, Rd.","NJIT","VK833S","JW00608"),
(650,"Fallon Fields","natoque.penatibus@aol.couk","(499) 264-8587","Ap #637-9595 Fusce St.","NJIT","WK733V","HR96736"),
(660,"Reed Hamilton","non.enim.mauris@google.com","1-929-257-5034","663-1997 Magna. Street","NJIT","CH774Q","YI66653"),
(670,"Carly Herring","mi@google.couk","1-622-875-5586","3790 Netus Avenue","Virginia Tech","OI533C","FP99152"),
(680,"Jamalia Young","cum@yahoo.net","1-314-319-4119","584-1439 Scelerisque Road","Princeton","CF587T","IU84132"),
(690,"Quentin Rojas","tempus.mauris.erat@hotmail.edu","(223) 641-8925","1118 Fusce Ave","Northwestern University","TT582T","MK74569");

Insert into coop_support (Coop_ID,CompanyName,Role,YearOfStudy,University) values
(10,"Sibelius","Quality Assurance",2023,"Yale"),
(15,"Google","Payroll",2018,"George Mason University"),
(20,"Adobe","Customer Relations",2023,"Harvard"),
(25,"Borland","Sales and Marketing",2018,"Princeton"),
(30, "Adobe", "Advertising", 2018, "UT Austin"),
(35, "Sibelius", "Tech Support", 2019, "UT Austin"),
(40, "Sibelius", "Finances", 2019, "Virginia Tech"),
(45, "Cakewalk", "Legal Department", 2020, "Yale"),
(50, "Cakewalk", "Sales and Marketing", 2024, "George Mason University"),
(55, "Borland", "Accounting", 2024, "UT Dallas"),
(60, "Yahoo", "Legal Department", 2023, "UT Austin"),
(65, "Microsoft", "Research and Development", 2020, "Northwestern University"),
(70, "Cakewalk", "Legal Department", 2018, "Yale"),
(75, "Cakewalk", "Customer Service", 2019, "UT Austin"),
(80, "Lavasoft", "Payroll", 2022, "Northwestern University"),
(85, "Finale", "Payroll", 2023, "CMU"),
(90, "Lavasoft", "Customer Service", 2021, "UT Dallas"),
(95, "Microsoft", "Finances", 2022, "CMU"),
(100, "Chami", "Human Resources", 2020, "Northwestern University"),
(105,"Google","Customer Relations", 2021, "George Mason University"),
(110,"Amazon","Payroll",2020,"George Mason University"),
(115,"Borland","Research and Development",2022,"CMU"),
(120,"Apple","Tech Support",2021,"Purdue"),
(125,"Chami","Customer Relations",2021,"Yale"),
(130, "Finale", "Payroll", 2017, "Northeastern University"),
(135, "Sibelius", "Customer Service", 2017, "Yale"),
(140, "Yahoo", "Human Resources", 2019, "Purdue"),
(145, "Lavasoft", "Public Relations", 2024, "Virginia Tech"),
(150, "Amazon", "Payroll", 2023, "Northwestern University"),
(155, "Adobe", "Media Relations", 2020, "Georgia Tech");

INSERT INTO neophyte (UserID, Name, Email, PhoneNo, Address, AppliedUniversity, I20, Passport,CourseEnrollment,IntakeTerm,FieldOfConcern,Coop_ID) VALUES
(500, "Harlan Ayala", "molestie.orci@outlook.net",  "(531) 217-9245", "Ap #122-4244 Ante. St.", "Georgia Tech", "VT391O", "BI56712", "Business administration", "Fall", "Accomodation",10),
(510, "Genevieve Green", "augue.ut@outlook.org", "(636) 434-8386", "8327 Elit. Ave", "CMU", "GV183Y",  "WM48323", "Chemical engineering", "Spring", "Roommates",20),
(520, "Jackson Velez", "elit@hotmail.org", "1-131-301-5549", "Ap #531-8022 Facilisis, Rd.", "CMU", "MH421S", "QB96107","Chemical engineering", "Winter", "Financial management",15),
(530, "Leo Pollard", "posuere.vulputate@hotmail.net", "(274) 994-7850", "Ap #811-1988 Nam Avenue", "Georgia Tech", "BL435I", "MV82022","Computer Science", "Winter", "Food issues",25),
(540, "Carl Hood", "id.erat@icloud.couk", "(468) 251-3344", "8898 Tristique Avenue", "Purdue", "OK973R", "DE77164","Data Analytics", "Summer","Financial management",15),
(550, "Merrill Holden", "imperdiet.dictum@icloud.ca", "(778) 527-7245", "P.O. Box 611, 286 Ac Rd.", "Northwestern University", "XL867W", "DF16944", "Computer Science", "Spring", "Roommates",10),
(560, "Xavier Blackburn", "cursus.purus@hotmail.org", "(832) 716-1310", "5413 Posuere Av.", "Yale", "VP875Z", "BL37317", "Machine learning", "Spring", "Food issues",20),
(570, "Inez Mcgee", "nec.tempus@icloud.edu", "1-951-436-2738", "726-3133 Nec St.",  "Purdue", "SV784J", "GC48332", "Artificial Intelligence", "Spring", "Financial management",10),
(580, "Elmo Swanson", "ac@outlook.couk", "(432) 253-8315", "Ap #133-4951 Lacus. St.", "CMU", "UU467I", "PM76208", "Information Technology", "Spring", "Financial management",140),
(590, "Phyllis Harmon", "fermentum.metus@protonmail.net", "(701) 323-6364", "416-6801 Scelerisque Street", "CMU", "LR970G", "DR76347", "Data Analytics", "Fall", "Roommates",145),
(600, "Burton Abbott", "malesuada.augue.ut@yahoo.org", "1-185-215-9484", "1204 Cras Ave", "George Mason University", "OK474E", "RA01164", "Mechanical and industrial engineering", "Winter", "Food issues",20),
(610,"Julie Erickson","per.inceptos@yahoo.edu","(988) 810-4144","7535 Nec, Road","UT Austin","HD643Z","XD36012","Data Analytics", "Spring", "Part Times",100),
(620,"Mark Boone","sed.congue.elit@outlook.ca","1-468-622-5624","Ap #210-4735 Congue, St.","CMU","HD156S","UN48452", "Chemical engineering", "Winter", "Part Times",60),
(630,"Mark Daugherty","mauris.quis.turpis@google.ca","(947) 238-9224","Ap #786-2114 Mi St.","CMU","VY117Y","RI10538", "Information Technology", "Fall", "Accomodation",65),
(640,"Madonna Benjamin","curae.phasellus.ornare@yahoo.com","(242) 447-6265","121-2936 At, Rd.","NJIT","VK833S","JW00608", "Machine learning", "Summer", "Roommates",100),
(650,"Fallon Fields","natoque.penatibus@aol.couk","(499) 264-8587","Ap #637-9595 Fusce St.","NJIT","WK733V","HR96736" ,"Artificial Intelligence", "Spring", "Health",30),
(660,"Reed Hamilton","non.enim.mauris@google.com","1-929-257-5034","663-1997 Magna. Street","NJIT","CH774Q","YI66653", "Machine learning", "Fall", "Financial management",45),
(670,"Carly Herring","mi@google.couk","1-622-875-5586","3790 Netus Avenue","Virginia Tech","OI533C","FP99152", "Machine learning", "Spring", "Educational guidance",40),
(680,"Jamalia Young","cum@yahoo.net","1-314-319-4119","584-1439 Scelerisque Road","Princeton","CF587T","IU84132","Chemical engineering", "Winter", "Health",35),
(690,"Quentin Rojas","tempus.mauris.erat@hotmail.edu","(223) 641-8925","1118 Fusce Ave","Northwestern University","TT582T","MK74569", "Mechanical and industrial engineering", "Winter", "Educational guidance",30);

INSERT INTO expert (ID, Name, Address, Email, University) VALUES
(1, 'Dolan K. Atkinson', '814-3537 Sit Avenue', 'mauris.sit@yahoo.ca', 'CMU'),
(11, 'Melanie U. Deleon', '254-9083 Fusce Ave', 'ac.orci@icloud.edu', 'UT Austin'),
(21, 'Vivien L. Bentley', '219-4165 Convallis Road', 'egestas@icloud.org', 'CMU'),
(31, 'Amal O. Hammond', 'Ap #445-8840 Risus St.', 'sem.egestas@outlook.org', 'Georgia Tech'),
(41, 'Charles Z. Martinez', 'Ap #758-6876 Dapibus Rd.', 'vivamus.rhoncus.donec@icloud.org', 'Northeastern University'),
(51, 'Irene M. Patrick', '684-3897 Aliquet Ave', 'nec.enim.nunc@protonmail.ca', 'George Mason University'),
(61, 'Frances V. Larson', 'P.O. Box 460, 1527 A, St.', 'lorem.donec.elementum@google.org', 'Purdue'),
(71, 'Jacqueline U. Herring', 'P.O. Box 698, 4348 Id St.', 'cras@aol.couk', 'UT Dallas'),
(81, 'Ursula R. Crawford', '792-8171 Eget Street', 'dis.parturient.montes@google.com', 'Yale'),
(91, 'Rylee X. Frederick', '695 Ornare, Street', 'pretium.et@yahoo.net', 'Stanford'),
(101, 'Guy L. Fields', 'Ap #693-2334 Pretium Avenue', 'cursus@yahoo.com', 'George Mason University'),
(111, 'Nora I. Lester', 'Ap #531-6404 Cras Road', 'consectetuer@yahoo.edu', 'CMU'),
(121, 'Ella O. Holden', 'Ap #983-6051 Porta Road', 'elit@aol.org', 'UT Austin'),
(131, 'Baxter H. Perry', '6086 Semper Road', 'suspendisse.aliquet.molestie@protonmail.couk', 'Virginia Tech'),
(141, 'Brenden I. Cain', '677-4662 Tortor, Avenue', 'vel.est@icloud.com', 'Northeastern University'),
(151, 'Finn N. David', '690-5008 Egestas Rd.', 'iaculis@protonmail.com', 'CMU'),
(161, 'Tobias X. Potter', 'Ap #823-1926 Vivamus Rd.', 'velit@google.ca', 'Harvard'),
(171, 'Palmer V. Mcmahon', 'Ap #113-702 Auctor Ave', 'sollicitudin.adipiscing@protonmail.ca', 'UT Austin'),
(181, 'Conan X. Hayden', '253-514 Proin Ave', 'ut.sagittis.lobortis@icloud.com', 'UT Dallas'),
(191, 'Rashad D. Calderon', 'P.O. Box 848, 6406 Commodo St.', 'sit.amet.ultricies@protonmail.ca', 'Georgia Tech'),
(201, 'Travis O. Arnold', 'P.O. Box 618, 8856 Nisl St.', 'eget.laoreet@aol.couk', 'Virginia Tech'),
(211, 'Grant Q. Drake', '765-7561 Libero Street', 'luctus.et.ultrices@aol.net', 'Stanford'),
(221, 'Neil O. Walter', '123-867 Odio. Rd.', 'suspendisse.eleifend@aol.ca', 'Harvard'),
(231, 'Buffy C. Bauer', 'Ap #301-2397 Sit Avenue', 'risus.nunc.ac@outlook.com', 'Yale'),
(241, 'Emi C. Roman', '2954 Tempor Av.', 'facilisis@google.edu', 'Yale'),
(251, 'Mannix M. Dotson', 'P.O. Box 972, 5365 Libero. Rd.', 'hendrerit@outlook.edu', 'Yale'),
(261, 'Hayfa W. Soto', 'Ap #265-6677 Ipsum Rd.', 'amet@aol.couk', 'CMU'),
(271, 'Thane A. Camacho', 'Ap #556-3851 Tempus Ave', 'blandit@hotmail.ca', 'Harvard'),
(281, 'Nasim O. Travis', 'P.O. Box 634, 5072 Diam Rd.', 'sodales.elit@google.com', 'Princeton'),
(291, 'Damon L. Stafford', '854-4782 Suscipit Av.', 'aenean.euismod@hotmail.org', 'Harvard'),
(301, 'Acton G. Mason', 'P.O. Box 903, 1309 Lacus. Road', 'rutrum.lorem@icloud.ca', 'Princeton'),
(311, 'Abraham C. Morgan', 'P.O. Box 665, 1594 Imperdiet St.', 'cursus.purus@google.ca', 'Purdue'),
(321, 'Lael D. Fields', 'Ap #821-4218 Nonummy Rd.', 'amet.diam@protonmail.com', 'Georgia Tech'),
(331, 'Ivory N. Humphrey', '604-8809 Fringilla Road', 'amet.lorem.semper@hotmail.couk', 'Princeton'),
(341, 'Linus U. Fletcher', 'Ap #519-5550 Faucibus Ave', 'nascetur.ridiculus@google.net', 'Yale'),
(351, 'Wilma I. Rutledge', '604-5354 Faucibus Rd.', 'vel.arcu@hotmail.net', 'UT Austin'),
(361, 'Phelan E. Mckenzie', '531-6179 Dictum. Rd.', 'in.faucibus@hotmail.ca', 'Princeton'),
(371, 'Dorian O. Robinson', 'Ap #484-6009 Diam. Ave', 'fusce.fermentum.fermentum@protonmail.couk', 'Virginia Tech'),
(381, 'Matthew F. Mays', 'Ap #802-6631 Nec Rd.', 'ac.mattis@google.com', 'Harvard'),
(391, 'Irma I. Dalton', '619 Dictum Avenue', 'malesuada.id@google.edu', 'Georgia Tech'),
(401, 'Cecilia U. Hood', '585-4293 Penatibus Av.', 'viverra.maecenas@yahoo.ca', 'CMU'),
(411, 'Alice G. Pittman', 'Ap #756-2313 Lacinia Rd.', 'nibh.enim.gravida@outlook.org', 'Northwestern University'),
(421, 'Logan P. Acevedo', 'Ap #748-6680 Cras St.', 'aenean@icloud.couk', 'Georgia Tech'),
(431, 'Rana O. Pratt', 'Ap #733-4302 Ac, Road', 'vitae.orci@outlook.com', 'Northeastern University'),
(441, 'Cassady U. Mcpherson', 'Ap #740-7032 Ipsum Rd.', 'eget.laoreet.posuere@yahoo.org', 'Purdue'),
(451, 'Ocean C. Berry', '6452 Pharetra St.', 'cursus.in@outlook.edu', 'Northeastern University'),
(461, 'Cruz U. Dominguez', 'Ap #516-666 Tincidunt Road', 'justo.eu@google.ca', 'UT Dallas'),
(471, 'Oleg K. Cote', 'P.O. Box 865, 7130 Interdum Rd.', 'libero@protonmail.couk', 'UT Dallas'),
(481, 'Shaine K. Dillon', '367-731 Dolor, St.', 'eget.mollis.lectus@protonmail.couk', 'George Mason University'),
(491, 'Neve J. Frye', 'P.O. Box 248, 8676 Laoreet, Road', 'ornare@outlook.org', 'UT Austin'),
(501, 'Hayden R. Hancock', 'Ap #782-7564 Pellentesque Avenue', 'dictum@aol.org', 'Virginia Tech'),
(511, 'Heather H. Bullock', '554-5780 Donec Avenue', 'ac.libero@protonmail.net', 'UT Austin'),
(521, 'Avye U. White', 'Ap #857-3425 Aenean Av.', 'non.hendrerit@aol.org', 'George Mason University'),
(531, 'Keelie B. Lopez', 'Ap #861-4320 Dui Rd.', 'leo@hotmail.ca', 'Virginia Tech'),
(541, 'Rigel J. Blake', 'Ap #799-2556 Tincidunt Street', 'mi@aol.com', 'UT Dallas'),
(551, 'Timothy V. Mckenzie', '832-3873 Ultrices Ave', 'urna@hotmail.ca', 'UT Dallas'),
(561, 'Dolan W. Pace', '8370 Gravida. Av.', 'suscipit.nonummy.fusce@yahoo.couk', 'UT Austin'),
(571, 'David P. Newman', 'Ap #501-5288 Lacus. St.', 'a.feugiat@protonmail.net', 'Stanford'),
(581, 'Ursula F. Ballard', 'Ap #685-5948 Nunc Road', 'ipsum.suspendisse.sagittis@google.org', 'UT Austin'),
(591, 'Gavin B. Albert', '932-9763 Arcu Rd.', 'nec@yahoo.ca', 'Stanford'),
(601, 'Jordan T. Riggs', 'P.O. Box 881, 4489 Erat Rd.', 'tempus.eu@icloud.edu', 'Purdue'),
(611, 'Garth D. Harper', '228-8281 Nonummy Av.', 'ac@icloud.edu', 'Stanford'),
(621, 'Zelda Y. Mcdaniel', 'Ap #578-6571 Natoque Street', 'at.auctor@protonmail.ca', 'UT Dallas'),
(631, 'Morgan L. Golden', '7698 Eu, Av.', 'vulputate.lacus.cras@outlook.edu', 'CMU'),
(641, 'Yasir T. Santana', '301-8984 Erat Avenue', 'justo.faucibus.lectus@yahoo.edu', 'Yale'),
(651, 'Branden U. Parker', 'Ap #103-4976 Fermentum St.', 'cursus.vestibulum.mauris@google.net', 'CMU'),
(661, 'Yuri Y. Mejia', 'Ap #881-4892 Phasellus Road', 'pede@outlook.ca', 'Virginia Tech'),
(671, 'Aretha O. Swanson', '596-5897 Velit Avenue', 'phasellus.fermentum.convallis@google.ca', 'Purdue'),
(681, 'Jameson Q. Terry', '195-5348 Diam St.', 'mauris.non.dui@yahoo.couk', 'Yale'),
(691, 'Kellie D. Lopez', 'Ap #442-9318 Cubilia Av.', 'pretium@google.net', 'Northeastern University'),
(701, 'Ross J. Love', 'Ap #424-6747 Nulla St.', 'sed@icloud.org', 'Yale'),
(711, 'Xyla O. Mckay', '2081 Placerat, Avenue', 'donec@google.net', 'Northwestern University'),
(721, 'Nissim U. Wyatt', 'Ap #881-8350 Commodo Rd.', 'mauris.molestie@outlook.net', 'Yale'),
(731, 'Thor B. Sexton', '1751 Amet Street', 'bibendum@icloud.couk', 'Purdue'),
(741, 'Lael P. Mendoza', '771-5768 Dolor Street', 'elit.dictum.eu@outlook.net', 'Harvard'),
(751, 'Emmanuel J. Hancock', '535-1472 Mi Street', 'quam.dignissim@protonmail.couk', 'Northwestern University'),
(761, 'Devin W. Fernandez', 'P.O. Box 477, 1690 Id Avenue', 'bibendum.donec@protonmail.net', 'Stanford'),
(771, 'Tatiana D. Hart', '919-2350 Eget, St.', 'tincidunt.vehicula.risus@icloud.ca', 'CMU'),
(781, 'Buckminster C. Adkins', 'Ap #339-3097 Condimentum. St.', 'diam.proin@icloud.com', 'Stanford'),
(791, 'Louis W. Osborn', '806-2914 Turpis Road', 'eleifend.non@outlook.ca', 'Purdue');


INSERT INTO Application_expert (ID, Name, Address, Email, University, VisaType, ApprovalYear, ApprovalPlace) VALUES
(1, 'Dolan K. Atkinson', '814-3537 Sit Avenue', 'mauris.sit@yahoo.ca', 'CMU', 'P', 2023, 'Delhi'),
(11, 'Melanie U. Deleon', '254-9083 Fusce Ave', 'ac.orci@icloud.edu', 'UT Austin', 'H1-B', 2016, 'Bangalore'),    
(21, 'Vivien L. Bentley', '219-4165 Convallis Road', 'egestas@icloud.org', 'CMU', 'F1', 2013, 'Bangalore'),
(31, 'Amal O. Hammond', 'Ap #445-8840 Risus St.', 'sem.egestas@outlook.org', 'Georgia Tech', 'O', 2019, 'Bangalore'),    
(41, 'Charles Z. Martinez', 'Ap #758-6876 Dapibus Rd.', 'vivamus.rhoncus.donec@icloud.org', 'Northeastern University', 'O', 2015, 'Doha'),    
(51, 'Irene M. Patrick', '684-3897 Aliquet Ave', 'nec.enim.nunc@protonmail.ca', 'George Mason University', 'P', 2015, 'Bangalore'),    
(61, 'Frances V. Larson', 'P.O. Box 460, 1527 A, St.', 'lorem.donec.elementum@google.org', 'Purdue', 'F1', 2022, 'Quatar'),    
(71, 'Jacqueline U. Herring', 'P.O. Box 698, 4348 Id St.', 'cras@aol.couk', 'UT Dallas', 'O', 2018, 'Quatar'),    
(81, 'Ursula R. Crawford', '792-8171 Eget Street', 'dis.parturient.montes@google.com', 'Yale', 'F1', 2013, 'Bangalore'),    
(91, 'Rylee X. Frederick', '695 Ornare, Street', 'pretium.et@yahoo.net', 'Stanford', 'F1', 2023, 'Chennai'),    
(101, 'Guy L. Fields', 'Ap #693-2334 Pretium Avenue', 'cursus@yahoo.com', 'George Mason University', 'J1', 2021, 'Delhi'),    
(111, 'Nora I. Lester', 'Ap #531-6404 Cras Road', 'consectetuer@yahoo.edu', 'CMU', 'J1', 2021, 'Bangalore'),    
(121, 'Ella O. Holden', 'Ap #983-6051 Porta Road', 'elit@aol.org', 'UT Austin', 'H1-B', 2017, 'Delhi'),    
(131, 'Baxter H. Perry', '6086 Semper Road', 'suspendisse.aliquet.molestie@protonmail.couk', 'Virginia Tech', 'J1', 2022, 'Bangalore'),    
(141, 'Brenden I. Cain', '677-4662 Tortor, Avenue', 'vel.est@icloud.com', 'Northeastern University', 'O', 2017, 'Abu dhabi'),    
(151, 'Finn N. David', '690-5008 Egestas Rd.', 'iaculis@protonmail.com', 'CMU', 'P', 2021, 'Bangalore'),    
(161, 'Tobias X. Potter', 'Ap #823-1926 Vivamus Rd.', 'velit@google.ca', 'Harvard', 'F1', 2016, 'Abu dhabi'),    
(171, 'Palmer V. Mcmahon', 'Ap #113-702 Auctor Ave', 'sollicitudin.adipiscing@protonmail.ca', 'UT Austin', 'J1', 2016, 'Hyderabad'),    
(181, 'Conan X. Hayden', '253-514 Proin Ave', 'ut.sagittis.lobortis@icloud.com', 'UT Dallas', 'F1', 2023, 'Hyderabad'),    
(201, 'Cain O. Pugh', 'Ap #251-6514 Vel St.', 'auctor.velit@icloud.com', 'Yale', 'P', 2021, 'Delhi');

INSERT INTO Immigration_expert (ID, Name, Address, Email, University, ImmigrationDate, LicenseDetails, PointOfEntry)
VALUES
    (201, 'Cain O. Pugh', 'Ap #251-6514 Vel St.', 'auctor.velit@icloud.com', 'Yale', '2024-08-12', 'NA', 'New Jersey'),
    (71, 'Jacqueline U. Herring', 'P.O. Box 698, 4348 Id St.', 'cras@aol.couk', 'UT Dallas', '2024-04-30', 'Applicable', 'California'),
    (221, 'Dolan K. Atkinson', '814-3537 Sit Avenue', 'mauris.sit@yahoo.ca', 'CMU', '2023-06-13', 'Applicable', 'Chicago'),
    (231, 'Adrienne K. Love', '4078 Est, St.', 'tincidunt.aliquam@outlook.com', 'George Mason University', '2024-08-15', 'NA', 'Chicago'),
    (101, 'Guy L. Fields', 'Ap #693-2334 Pretium Avenue', 'cursus@yahoo.com', 'George Mason University', '2023-06-12', 'NA', 'New York'),
    (251, 'Dale I. Livingston', '659-8482 Sed Rd.', 'ultricies.adipiscing.enim@aol.com', 'UT Austin', '2023-08-18', 'NA', 'Washington DC'),
    (261, 'Dolan K. Atkinson', '814-3537 Sit Avenue', 'mauris.sit@yahoo.ca', 'CMU', '2023-10-22', 'Applicable', 'Washington DC'),
    (271, 'Ursula R. Crawford', '792-8171 Eget Street', 'dis.parturient.montes@google.com', 'Yale', '2023-09-26', 'Applicable', 'Washington DC'),
    (281, 'Amal O. Hammond', 'Ap #445-8840 Risus St.', 'sem.egestas@outlook.org', 'Georgia Tech', '2024-11-06', 'NA', 'Maryland'),
    (291, 'Graiden A. Bishop', 'P.O. Box 637, 3046 Nec, Rd.', 'pellentesque.a@outlook.com', 'George Mason University', '2024-03-13', 'Applicable', 'Illinois'),
    (301, 'Melodie I. Spears', 'P.O. Box 959, 9808 Risus. Avenue', 'in@outlook.com', 'Stanford', '2024-05-31', 'Applicable', 'Washington DC'),
    (311, 'Cain O. Pugh', 'Ap #251-6514 Vel St.', 'auctor.velit@icloud.com', 'Yale', '2023-04-22', 'NA', 'Dallas'),
    (321, 'Vivien L. Bentley', '219-4165 Convallis Road', 'egestas@icloud.org', 'CMU', '2023-04-17', 'NA', 'New York'),
    (331, 'Amal O. Hammond', 'Ap #445-8840 Risus St.', 'sem.egestas@outlook.org', 'Georgia Tech', '2023-09-24', 'NA', 'New Jersey'),
    (341, 'Irene M. Patrick', '684-3897 Aliquet Ave', 'nec.enim.nunc@protonmail.ca', 'George Mason University', '2023-11-04', 'NA', 'Austin'),
    (351, 'Ursula R. Crawford', '792-8171 Eget Street', 'dis.parturient.montes@google.com', 'Yale', '2025-01-28', 'NA', 'Dallas'),
    (361, 'Frances V. Larson', 'P.O. Box 460, 1527 A, St.', 'lorem.donec.elementum@google.org', 'Purdue', '2023-11-04', 'Applicable', 'Maryland'),
    (151, 'Finn N. David', '690-5008 Egestas Rd.', 'iaculis@protonmail.com', 'CMU', '2023-06-23', 'NA', 'Illinois'),
    (381, 'Ursula R. Crawford', '792-8171 Eget Street', 'dis.parturient.montes@google.com', 'Yale', '2025-02-22', 'Applicable', 'Illinois'),
    (391, 'Rylee X. Frederick', '695 Ornare, Street', 'pretium.et@yahoo.net', 'Stanford', '2024-04-20', 'Applicable', 'New York');

INSERT INTO Adaptation_expert (ID, Name, Address, Email, University, CourseEnrolled, Neighbourhood, PartTime)
VALUES
    (71, 'Jacqueline U. Herring', 'P.O. Box 698, 4348 Id St.', 'cras@aol.couk', 'UT Dallas', 'Mechanical and industrial engineering', 'Off campus maintained by college', 'NA'),
    (411, 'Alice G. Pittman', 'Ap #756-2313 Lacinia Rd.', 'nibh.enim.gravida@outlook.org', 'Northwestern University', 'Data Analytics', 'Off campus maintained by college', 'Ongoing'),
    (421, 'Logan P. Acevedo', 'Ap #748-6680 Cras St.', 'aenean@icloud.couk', 'Georgia Tech', 'Business administration', 'Off campus apartments', 'NA'),
    (431, 'Rana O. Pratt', 'Ap #733-4302 Ac, Road', 'vitae.orci@outlook.com', 'Northeastern University', 'Information Technology', 'Off campus apartments', 'Ongoing'),
    (441, 'Cassady U. Mcpherson', 'Ap #740-7032 Ipsum Rd.', 'eget.laoreet.posuere@yahoo.org', 'Purdue', 'Mechanical and industrial engineering', 'Off campus apartments', 'Ongoing'),
    (451, 'Ocean C. Berry', '6452 Pharetra St.', 'cursus.in@outlook.edu', 'Northeastern University', 'Data Science', 'On campus', 'Ongoing'),
    (101, 'Guy L. Fields', 'Ap #693-2334 Pretium Avenue', 'cursus@yahoo.com', 'George Mason University', 'Data Science', 'Off campus apartments', 'NA'),
    (471, 'Oleg K. Cote', 'P.O. Box 865, 7130 Interdum Rd.', 'libero@protonmail.couk', 'UT Dallas', 'Chemical engineering', 'On campus', 'Ongoing'),
    (481, 'Shaine K. Dillon', '367-731 Dolor, St.', 'eget.mollis.lectus@protonmail.couk', 'George Mason University', 'Data Analytics', 'On campus', 'NA'),
    (491, 'Neve J. Frye', 'P.O. Box 248, 8676 Laoreet, Road', 'ornare@outlook.org', 'UT Austin', 'Business administration', 'Off campus maintained by college', 'NA'),
    (501, 'Hayden R. Hancock', 'Ap #782-7564 Pellentesque Avenue', 'dictum@aol.org', 'Virginia Tech', 'Mechanical and industrial engineering', 'Off campus maintained by college', 'NA'),
    (511, 'Heather H. Bullock', '554-5780 Donec Avenue', 'ac.libero@protonmail.net', 'UT Austin', 'Artificial Intelligence', 'Off campus apartments', 'NA'),
    (521, 'Avye U. White', 'Ap #857-3425 Aenean Av.', 'non.hendrerit@aol.org', 'George Mason University', 'Business administration', 'Off campus maintained by college', 'Ongoing'),
    (531, 'Keelie B. Lopez', 'Ap #861-4320 Dui Rd.', 'leo@hotmail.ca', 'Virginia Tech', 'Chemical engineering', 'Off campus maintained by college', 'NA'),
    (541, 'Rigel J. Blake', 'Ap #799-2556 Tincidunt Street', 'mi@aol.com', 'UT Dallas', 'Machine learning', 'Off campus apartments', 'NA'),
    (551, 'Timothy V. Mckenzie', '832-3873 Ultrices Ave', 'urna@hotmail.ca', 'UT Dallas', 'Information Technology', 'Off campus maintained by college', 'Ongoing'),
    (561, 'Dolan W. Pace', '8370 Gravida. Av.', 'suscipit.nonummy.fusce@yahoo.couk', 'UT Austin', 'Artificial Intelligence', 'Off campus maintained by college', 'NA'),
    (321, 'Vivien L. Bentley', '219-4165 Convallis Road', 'egestas@icloud.org', 'CMU', 'Information Technology', 'Off campus maintained by college', 'NA'),
    (581, 'Ursula F. Ballard', 'Ap #685-5948 Nunc Road', 'ipsum.suspendisse.sagittis@google.org', 'UT Austin', 'Chemical engineering', 'On campus', 'Ongoing'),
    (591, 'Gavin B. Albert', '932-9763 Arcu Rd.', 'nec@yahoo.ca', 'Stanford', 'Information Technology', 'On campus', 'NA');

INSERT INTO Adaptation_Guidance(UserID, ID) VALUES
(500,71),
(510,411),
(520,421),
(530,431),
(500,411),
(540,441),
(560,451),
(510,71),
(590,471),
(600,441),
(500,321),
(580,101),
(610,321),
(620,501),
(630,511),
(620,521),
(640,71),
(660,531),
(500,541),
(670,551),
(680,101),
(690,531),
(550,411),
(540,581),
(530,101);

INSERT INTO Employment_support (SSN, University, CompanyName, Designation, WorkExperiance) 
VALUES
(297170, 'Purdue', 'Borland', 'Public Relations', 19),
(153037, 'Virginia Tech', 'Yahoo', 'Human Resources', 18),
(643684, 'Purdue', 'Google', 'Sales and Marketing', 17),
(827007, 'Georgia Tech', 'Microsoft', 'Finances', 13),
(294882, 'Stanford', 'Chami', 'Human Resources', 18),
(664588, 'CMU', 'Chami', 'Asset Management', 10),
(654302, 'UT Dallas', 'Microsoft', 'Finances', 8),
(752957, 'George Mason University', 'Microsoft', 'Research and Development', 1),
(192916, 'Princeton', 'Google', 'Human Resources', 14),
(895375, 'Stanford', 'Borland', 'Human Resources', 7),
(571388, 'Northeastern University', 'Adobe', 'Public Relations', 13),
(98070, 'Yale', 'Finale', 'Sales and Marketing', 1),
(503687, 'CMU', 'Lavasoft', 'Research and Development', 6),
(207236, 'Princeton', 'Chami', 'Media Relations', 18),
(645237, 'Harvard', 'Microsoft', 'Customer Service', 9),
(118439, 'Virginia Tech', 'Yahoo', 'Advertising', 6),
(701996, 'UT Dallas', 'Borland', 'Customer Service', 8),
(896267, 'Northeastern University', 'Finale', 'Finances', 2),
(339575, 'Princeton', 'Lavasoft', 'Research and Development', 20),
(719139, 'Georgia Tech', 'Lavasoft', 'Quality Assurance', 18);


INSERT INTO seeking_employment_support (ID, SSN) VALUES
(61, 297170),
(131, 701996),
(311, 643684),
(391, 827007),
(61, 294882),
(21, 664588),
(621, 719139),
(521, 752957),
(361, 192916),
(211, 895375),
(451, 571388),
(341, 98070),
(61, 719139),
(281, 207236),
(281, 645237),
(621, 118439),
(621, 701996),
(691, 896267),
(261, 339575),
(191, 719139);

INSERT INTO Application_Guidance(UserID, ID) VALUES
(100,1),
(110,11),
(120,31),
(130,41),
(140,51),
(100,101),
(170,171),
(100,31),
(180,111),
(200,121),
(210,131),
(220,151),
(200,161),
(210,171),
(170,181),
(250,131),
(110,11),
(290,41),
(180,201),
(290,201),
(200,161),
(140,51),
(260,171),
(270,201),
(230,111);

INSERT INTO Immigration_Guidance(UserID, ID) VALUES
(300,231),
(310,251),
(320,261),
(330,271),
(340,221),
(300,301),
(350,311),
(360,321),
(370,231),
(400,231),
(410,71),
(420,201),
(430,71),
(350,151),
(310,381),
(400,391),
(370,151),
(430,231),
(440,301),
(450,101),
(470,311),
(480,101),
(490,71),
(440,341),
(350,351);

INSERT INTO Participation_grade (ID, HoursOfWork,grade)VALUES
    (1, 3, 'C'),
    (21, 7, 'C'),
    (41, 14,'A'),
    (111, 8,'B'),
    (441, 15,'A'),
    (591, 11,'B'),
    (201, 14,'A'),
    (241, 5,'C'),
    (331, 5, 'C'),
    (371, 10,'B'),
    (501, 17,'A'),
    (511, 8,'B'),
    (521, 10,'B'),
    (281, 16,'A'),
    (541, 19,'A'),
    (401, 12,'B'),
    (561, 12,'B'),
    (571, 11,'B'),
    (581, 19,'A'),
    (591, 20,'A');

INSERT INTO panic_button (UserID,ContactName,ContactNumber,Location) VALUES
(510,"Xavier", "(674) 898-8581", "2717 Eros Ave"),
(520,"Lee", "1-827-508-4629", "3235 Et Road"),
(530,"Acton", "(316) 358-7365", "Ap #957-1419 Ultrices Rd."),
(550,"Charles","1-608-747-6771", "P.O. Box 184, 3490 Feugiat Rd."),
(510,"Jana", "(761) 342-8418", "Ap #790-2278 Nibh. Street"),
(590,"Shaeleigh", "1-765-108-9910", "149-1450 Consequat Rd."),
(600,"Zephr", "(364) 164-5473", "Ap #901-3689 Pede. St."),
(670,"Lyle", "1-605-813-9425", "Ap #650-5107 Eget, Avenue"),
(650,"Celeste", "1-927-249-7958","165-2938 Ligula. Street"),
(520,"Chandler", "(835) 472-0552", "P.O. Box 291, 3447 Vitae Rd."),
(620,"Kalia", "(347) 310-2821", "P.O. Box 933, 4214 Id, Ave"),
(610,"Odysseus", "(617) 504-4845", "115-4613 Aliquam Avenue"),
(600,"Oren", "1-412-684-3744", "849-1786 Vehicula Rd."),
(510,"Hollee", "1-704-886-8683", "Ap #645-7298 Id, Rd."),
(610,"Gillian", "(421) 265-5887", "155 Consectetuer, Street"),
(660,"Quentin", "(864) 493-3342", "Ap #155-4954 Fringilla. Ave"),
(550,"Patricia", "1-594-837-7512", "419-3771 Tincidunt St."),
(540,"Nolan", "(677) 229-8233","P.O. Box 834, 8913 Morbi St."),
(620,"Kathleen", "1-458-890-3426", "Ap #626-2079 Ultrices Street"),
(610,"Forrest", "(834) 486-4878", "Ap #443-7687 Nunc Rd.");
 



 
 
 




 